<application>
  <component name="GeneralSettings">
    <option name="autoSaveIfInactive" value="true" />
    <option name="confirmExit" value="false" />
  </component>
  <component name="LocalizationStateService">
    <option name="lastSelectedLocale" value="zh-CN" />
    <option name="selectedLocale" value="zh-CN" />
  </component>
  <component name="Registry">
    <entry key="moved.to.new.ui" value="true" />
    <entry key="ide.experimental.ui" value="true" />
    <entry key="terminal.new.ui.show.promotion" value="false" />
    <entry key="debugger.attach.dialog.enabled" value="true" />
  </component>
</application>