<application>
  <component name="DimensionService">
    <size key="GridCell.Tab.0.left.0.0.2561.1601@180dpi" width="1437" height="309" />
    <size key="GridCell.Tab.0.center.0.0.2561.1601@180dpi" width="1437" height="309" />
    <size key="GridCell.Tab.0.right.0.0.2561.1601@180dpi" width="1437" height="309" />
    <size key="GridCell.Tab.0.bottom.0.0.2561.1601@180dpi" width="1437" height="309" />
    <size key="GridCell.Tab.0.left.-1920.0.1920.1080@120dpi" width="1458" height="300" />
    <size key="GridCell.Tab.0.center.-1920.0.1920.1080@120dpi" width="1458" height="300" />
    <size key="GridCell.Tab.0.right.-1920.0.1920.1080@120dpi" width="1458" height="300" />
    <size key="GridCell.Tab.0.bottom.-1920.0.1920.1080@120dpi" width="1458" height="300" />
    <size key="GridCell.Tab.1.left.-1920.0.1920.1080@120dpi" width="1458" height="300" />
    <size key="GridCell.Tab.1.center.-1920.0.1920.1080@120dpi" width="1458" height="300" />
    <size key="GridCell.Tab.1.right.-1920.0.1920.1080@120dpi" width="1458" height="300" />
    <size key="GridCell.Tab.1.bottom.-1920.0.1920.1080@120dpi" width="1458" height="300" />
    <size key="GridCell.Tab.2.left.-1920.0.1920.1080@120dpi" width="1458" height="300" />
    <size key="GridCell.Tab.2.center.-1920.0.1920.1080@120dpi" width="1458" height="300" />
    <size key="GridCell.Tab.2.right.-1920.0.1920.1080@120dpi" width="1458" height="300" />
    <size key="GridCell.Tab.2.bottom.-1920.0.1920.1080@120dpi" width="1458" height="300" />
    <size key="GridCell.Tab.3.left.-1920.0.1920.1080@120dpi" width="1458" height="300" />
    <size key="GridCell.Tab.3.center.-1920.0.1920.1080@120dpi" width="1458" height="300" />
    <size key="GridCell.Tab.3.right.-1920.0.1920.1080@120dpi" width="1458" height="300" />
    <size key="GridCell.Tab.3.bottom.-1920.0.1920.1080@120dpi" width="1458" height="300" />
  </component>
  <component name="WindowManager">
    <frame x="-11" y="-11" width="2582" height="1550" extendedState="6" />
  </component>
  <component name="WindowStateApplicationService">
    <state width="503" height="174" key="ShowUsagesActions.dimensionServiceKey" timestamp="1743182887903">
      <screen x="0" y="0" width="1707" height="1019" />
    </state>
    <state width="503" height="174" key="ShowUsagesActions.dimensionServiceKey/0.0.1707.1019" timestamp="1743182887903" />
    <state width="375" height="646" key="manage.recent.projects.popup" timestamp="1738317027939">
      <screen x="0" y="0" width="1707" height="1019" />
    </state>
    <state width="375" height="646" key="manage.recent.projects.popup/0.0.1707.1019" timestamp="1738317027939" />
    <state width="375" height="646" key="manage.recent.projects.popup/0.0.1707.1019/-1920.0.1920.1032" timestamp="1737899749129" />
  </component>
</application>