<application>
  <component name="DimensionService">
    <size key="GridCell.Tab.0.left.0.0.2561.1601@180dpi" width="1476" height="444" />
    <size key="GridCell.Tab.0.center.0.0.2561.1601@180dpi" width="1476" height="444" />
    <size key="GridCell.Tab.0.right.0.0.2561.1601@180dpi" width="1476" height="444" />
    <size key="GridCell.Tab.0.bottom.0.0.2561.1601@180dpi" width="1476" height="444" />
  </component>
  <component name="WindowManager">
    <frame x="-12" y="-12" width="2576" height="1544" extendedState="6" />
  </component>
  <component name="WindowStateApplicationService">
    <state x="603" y="224" key="EnvironmentVariablesDialog" timestamp="1734533986265">
      <screen x="0" y="0" width="1707" height="1019" />
    </state>
    <state x="603" y="224" key="EnvironmentVariablesDialog/0.0.1707.1019" timestamp="1734533986265" />
    <state x="581" y="164" key="FileChooserDialogImpl" timestamp="1734533995513">
      <screen x="0" y="0" width="1707" height="1019" />
    </state>
    <state x="581" y="164" key="FileChooserDialogImpl/0.0.1707.1019" timestamp="1734533995513" />
    <state width="637" height="257" key="ShowUsagesActions.dimensionServiceKey" timestamp="1734542302318">
      <screen x="0" y="0" width="1707" height="1019" />
    </state>
    <state width="637" height="257" key="ShowUsagesActions.dimensionServiceKey/0.0.1707.1019" timestamp="1734542302318" />
  </component>
</application>