[
  {
    "TagName": "Blue",
    "Uid": "f707519e-bcfc-48e3-8492-011395f94896",
    "ColorString": "#0072BD"
  },
  {
    "TagName": "Orange",
    "Uid": "f1b527f1-eaa6-4d8b-a529-9259c30d84b9",
    "ColorString": "#D95319"
  },
  {
    "TagName": "Yellow",
    "Uid": "5ad8662b-bbf4-4104-9eb1-2b2934be3e87",
    "ColorString": "#EDB120"
  },
  {
    "TagName": "Green",
    "Uid": "06f5833c-50af-428a-a9f6-0272fbcceba6",
    "ColorString": "#77AC30"
  },
  {
    "TagName": "Azure",
    "Uid": "d0060f9e-836b-4c9b-8cd9-4acba4974d92",
    "ColorString": "#4DBEEE"
  }
]