{
  "PreviewPaneSizeHorizontalPx": 300.0,
  "PreviewPaneSizeVerticalPx": 250.0,
  "PreviewPaneEnabled": false,
  "ShowPreviewOnly": false,
  "PreviewPaneMediaVolume": 1.0,
  "ShowFileExtensions": true,
  "AreHiddenItemsVisible": true,
  "AreSystemItemsHidden": true,
  "ListAndSortDirectoriesAlongsideFiles": true,
  "OpenFilesWithOneClick": false,
  "OpenFoldersWithOneClick": false,
  "SearchUnindexedItems": false,
  "AreLayoutPreferencesPerFolder": true,
  "AdaptiveLayoutEnabled": true,
  "AreFileTagsEnabled": true,
  "IsVerticalTabFlyoutEnabled": true,
  "IsDualPaneEnabled": true,
  "AlwaysOpenDualPaneInNewTab": true,
  "ShowFoldersWidget": true,
  "ShowRecentFilesWidget": true,
  "ShowDrivesWidget": true,
  "ShowBundlesWidget": true,
  "SidebarWidth": 200.0,
  "IsSidebarOpen": false,
  "ShowFavoritesSection": true,
  "ShowLibrarySection": true,
  "ShowDrivesSection": true,
  "ShowCloudDrivesSection": true,
  "ShowNetworkDrivesSection": true,
  "ShowWslSection": true,
  "PinRecycleBinToSidebar": true,
  "ShowConfirmDeleteDialog": true,
  "OpenFoldersInNewTab": false,
  "MoveOverflowMenuItemsToSubMenu": true,
  "OpenSpecificPageOnStartup": false,
  "OpenSpecificPageOnStartupPath": "",
  "ContinueLastSessionOnStartUp": true,
  "OpenNewTabOnStartup": false,
  "AlwaysOpenNewInstance": false,
  "TabsOnStartupList": null,
  "ShowDateColumn": true,
  "ShowDateCreatedColumn": false,
  "ShowTypeColumn": true,
  "ShowSizeColumn": true,
  "ShowFileTagColumn": true,
  "DefaultGridViewSize": 100,
  "DefaultLayoutMode": 0,
  "DefaultDirectorySortDirection": 0,
  "DefaultDirectorySortOption": 0,
  "DefaultDirectoryGroupOption": 0,
  "ShowFolderSize": true,
  "FoldersWidgetExpanded": true,
  "DrivesWidgetExpanded": true,
  "BundlesWidgetExpanded": true,
  "RecentFilesWidgetExpanded": true,
  "Content": 0,
  "ShowDotFiles": true,
  "UseCompactStyles": false,
  "DefaultSortDirectoriesAlongsideFiles": false,
  "ShowFileTagsSection": true,
  "AreAlternateStreamsVisible": false,
  "ForceLayoutPreferencesOnAllDirectories": false,
  "ShowThumbnails": true
}