<application>
  <component name="AdvancedSettings">
    <option name="settings">
      <map>
        <entry key="documentation.components.enable.highlighting.of.links" value="true" />
        <entry key="floating.codeToolbar.hide" value="true" />
        <entry key="git.use.schannel.on.windows" value="true" />
        <entry key="github.actions.support.enabled" value="true" />
        <entry key="ide.always.show.tool.window.header.icons" value="true" />
        <entry key="ide.ui.native.file.chooser" value="true" />
        <entry key="wsl.toolchain.execute.login.shell" value="true" />
      </map>
    </option>
  </component>
</application>