<application>
  <component name="ProjectManager">
    <defaultProject>
      <component name="Encoding" native2AsciiForPropertiesFiles="true" defaultCharsetForPropertiesFiles="UTF-8" />
      <component name="MetaFilesCheckinStateConfiguration" checkMetaFiles="true" />
      <component name="ProjectInspectionProfilesVisibleTreeState">
        <entry key="Project Default">
          <profile-state>
            <expanded-state>
              <State>
                <id>EditorConfig</id>
              </State>
              <State>
                <id>JavaScript 和 TypeScript</id>
              </State>
              <State>
                <id>Markdown</id>
              </State>
              <State>
                <id>XPath</id>
              </State>
              <State>
                <id>代码样式问题JavaScript 和 TypeScript</id>
              </State>
              <State>
                <id>国际化</id>
              </State>
            </expanded-state>
            <selected-state>
              <State>
                <id>用户定义</id>
              </State>
            </selected-state>
          </profile-state>
        </entry>
      </component>
      <component name="PropertiesComponent"><![CDATA[{
  "keyToString": {
    "settings.editor.selected.configurable": "configurable.group.editor"
  }
}]]></component>
      <component name="UnityCheckinConfiguration" checkUnsavedScenes="true" />
      <component name="VcsDirectoryMappings" defaultProject="true" />
      <component name="VcsManagerConfiguration">
        <option name="CHECK_CODE_CLEANUP_BEFORE_PROJECT_COMMIT" value="true" />
        <option name="OPTIMIZE_IMPORTS_BEFORE_PROJECT_COMMIT" value="true" />
        <option name="REFORMAT_BEFORE_PROJECT_COMMIT" value="true" />
        <option name="REARRANGE_BEFORE_PROJECT_COMMIT" value="true" />
      </component>
      <component name="WindowStateProjectService">
        <state x="346" y="134" key="#com.intellij.openapi.updateSettings.impl.PluginUpdateInfoDialog" timestamp="1737816308565">
          <screen x="0" y="0" width="1707" height="1019" />
        </state>
        <state x="346" y="134" key="#com.intellij.openapi.updateSettings.impl.PluginUpdateInfoDialog/0.0.1707.1019" timestamp="1737816308565" />
        <state x="238" y="58" key="SettingsEditor" timestamp="1738158965004">
          <screen x="0" y="0" width="1707" height="1019" />
        </state>
        <state x="238" y="58" key="SettingsEditor/0.0.1707.1019" timestamp="1738158965004" />
      </component>
      <component name="masterDetails">
        <states>
          <state key="ScopeChooserConfigurable.UI">
            <settings>
              <splitter-proportions>
                <option name="proportions">
                  <list>
                    <option value="0.2" />
                  </list>
                </option>
              </splitter-proportions>
            </settings>
          </state>
        </states>
      </component>
    </defaultProject>
  </component>
</application>