<application>
  <component name="ProjectManager">
    <defaultProject>
      <component name="MetaFilesCheckinStateConfiguration" checkMetaFiles="true" />
      <component name="PropertiesComponent"><![CDATA[{
  "keyToString": {
    "settings.editor.selected.configurable": "advanced.settings"
  }
}]]></component>
      <component name="UnityCheckinConfiguration" checkUnsavedScenes="true" />
      <component name="VcsManagerConfiguration">
        <option name="CHECK_CODE_CLEANUP_BEFORE_PROJECT_COMMIT" value="true" />
        <option name="OPTIMIZE_IMPORTS_BEFORE_PROJECT_COMMIT" value="true" />
        <option name="REFORMAT_BEFORE_PROJECT_COMMIT" value="true" />
        <option name="REARRANGE_BEFORE_PROJECT_COMMIT" value="true" />
      </component>
      <component name="WindowStateProjectService">
        <state x="268" y="58" key="SettingsEditor" timestamp="1723474232466">
          <screen x="0" y="0" width="1707" height="1019" />
        </state>
        <state x="268" y="58" key="SettingsEditor/0.0.1707.1019" timestamp="1723474232466" />
      </component>
      <component name="masterDetails">
        <states>
          <state key="ScopeChooserConfigurable.UI">
            <settings>
              <splitter-proportions>
                <option name="proportions">
                  <list>
                    <option value="0.2" />
                  </list>
                </option>
              </splitter-proportions>
            </settings>
          </state>
        </states>
      </component>
    </defaultProject>
  </component>
</application>