<application>
  <component name="Trusted.Paths">
    <option name="TRUSTED_PROJECT_PATHS">
      <map>
        <entry key="C:\Users\yequanrui\RiderProjects\CopySolution" value="true" />
        <entry key="E:\Projects\Winform\FiveChess" value="true" />
        <entry key="E:\Projects\Winform\FiveChess\.idea\.idea.FiveChess" value="true" />
        <entry key="E:\Projects\Winform\Hexagrams" value="true" />
        <entry key="E:\Projects\Winform\Hexagrams\.idea\.idea.Hexagrams" value="true" />
        <entry key="E:\Projects\Winform\Navigation" value="true" />
        <entry key="E:\Projects\Winform\OpenSource\QuickLook" value="true" />
        <entry key="E:\Projects\Winform\Sketchpad" value="true" />
        <entry key="E:\Projects\Winform\Tetris" value="true" />
        <entry key="E:\Projects\Winform\Tetris\.idea\.idea.Tetris" value="true" />
        <entry key="E:\Projects\Winform\WinFormsTemplate" value="true" />
        <entry key="E:\Projects\Winform\WinFormsTemplate\.idea\.idea.WinFormsTemplate" value="true" />
        <entry key="E:\Projects\Winform\WindowsFormsTemplate" value="true" />
      </map>
    </option>
  </component>
  <component name="Trusted.Paths.Settings">
    <option name="TRUSTED_PATHS">
      <list>
        <option value="E:\Projects\Asp.Net" />
        <option value="E:\Projects\Winform" />
      </list>
    </option>
  </component>
</application>