<application>
  <component name="WindowManager">
    <frame x="229" y="30" width="2100" height="1469" />
  </component>
  <component name="WindowStateApplicationService">
    <state x="346" y="134" key="#com.intellij.openapi.updateSettings.impl.PluginUpdateInfoDialog" timestamp="1737223124272">
      <screen x="0" y="0" width="1707" height="1019" />
    </state>
    <state x="346" y="134" key="#com.intellij.openapi.updateSettings.impl.PluginUpdateInfoDialog/0.0.1707.1019" timestamp="1737223124272" />
    <state x="853" y="512" width="1721" height="1033" key="WELCOME_SCREEN" timestamp="1738158908977">
      <screen x="0" y="0" width="1707" height="1019" />
    </state>
    <state x="853" y="512" width="1721" height="1033" key="WELCOME_SCREEN/0.0.1707.1019" timestamp="1738158908977" />
  </component>
</application>