<application>
  <component name="DimensionService">
    <size key="GridCell.Tab.0.left.-1920.0.1920.1080@120dpi" width="1466" height="300" />
    <size key="GridCell.Tab.0.center.-1920.0.1920.1080@120dpi" width="1466" height="300" />
    <size key="GridCell.Tab.0.right.-1920.0.1920.1080@120dpi" width="1466" height="300" />
    <size key="GridCell.Tab.0.bottom.-1920.0.1920.1080@120dpi" width="1466" height="300" />
    <size key="GridCell.Tab.0.left.0.0.2561.1601@180dpi" width="2027" height="444" />
    <size key="GridCell.Tab.0.center.0.0.2561.1601@180dpi" width="2027" height="444" />
    <size key="GridCell.Tab.0.right.0.0.2561.1601@180dpi" width="2027" height="444" />
    <size key="GridCell.Tab.0.bottom.0.0.2561.1601@180dpi" width="2027" height="444" />
  </component>
  <component name="WindowManager">
    <frame x="-11" y="-11" width="2582" height="1550" extendedState="6" />
  </component>
  <component name="WindowStateApplicationService">
    <state x="346" y="134" key="#com.intellij.openapi.updateSettings.impl.PluginUpdateInfoDialog" timestamp="1737223124272">
      <screen x="0" y="0" width="1707" height="1019" />
    </state>
    <state x="346" y="134" key="#com.intellij.openapi.updateSettings.impl.PluginUpdateInfoDialog/0.0.1707.1019" timestamp="1737223124272" />
    <state x="-1375" y="272" key="APPLICATION_WIDE_STORE_#rider.projectView.actions.properties.EditPropertiesDialog解决方案" timestamp="1743757453332">
      <screen x="-1920" y="0" width="1920" height="1032" />
    </state>
    <state x="-1375" y="272" key="APPLICATION_WIDE_STORE_#rider.projectView.actions.properties.EditPropertiesDialog解决方案/0.0.1707.1019/-1920.0.1920.1032" timestamp="1743757453332" />
    <state x="853" y="512" width="1721" height="1033" key="WELCOME_SCREEN" timestamp="1745032325271">
      <screen x="0" y="0" width="1707" height="1019" />
    </state>
    <state x="853" y="512" width="1721" height="1033" key="WELCOME_SCREEN/0.0.1707.1019" timestamp="1745032325271" />
    <state x="-960" y="516" width="1936" height="1048" key="WELCOME_SCREEN/0.0.1707.1019/-1920.0.1920.1032" timestamp="1743755509002" />
  </component>
</application>