<application>
  <component name="ProjectManager">
    <defaultProject>
      <component name="PropertiesComponent"><![CDATA[{
  "keyToString": {
    "settings.editor.selected.configurable": "preferences.keymap"
  }
}]]></component>
      <component name="VcsDirectoryMappings" defaultProject="true" />
      <component name="WindowStateProjectService">
        <state x="73" y="41" key="SettingsEditor" timestamp="1737397284535">
          <screen x="0" y="0" width="1707" height="1019" />
        </state>
        <state x="73" y="41" key="SettingsEditor/0.0.1707.1019" timestamp="1737397284535" />
      </component>
      <component name="masterDetails">
        <states>
          <state key="ScopeChooserConfigurable.UI">
            <settings>
              <splitter-proportions>
                <option name="proportions">
                  <list>
                    <option value="0.2" />
                  </list>
                </option>
              </splitter-proportions>
            </settings>
          </state>
        </states>
      </component>
    </defaultProject>
  </component>
</application>