<application>
  <component name="UISettings">
    <option name="compactTreeIndents" value="true" />
    <option name="DND_WITH_PRESSED_ALT_ONLY" value="true" />
    <option name="FULL_PATHS_IN_TITLE_BAR" value="true" />
    <option name="OPEN_IN_PREVIEW_TAB_IF_POSSIBLE" value="true" />
    <option name="REMEMBER_SIZE_FOR_EACH_TOOL_WINDOW_NEW_UI" value="true" />
    <option name="SHOW_INPLACE_COMMENTS" value="true" />
    <option name="SHOW_TOOL_WINDOW_NAMES" value="true" />
    <option name="showTreeIndentGuides" value="true" />
    <option name="TOOL_WINDOW_LEFT_SIDE_CUSTOM_WIDTH" value="50" />
    <option name="TOOL_WINDOW_RIGHT_SIDE_CUSTOM_WIDTH" value="50" />
    <option name="UI_DENSITY" value="COMPACT" />
    <option name="WIDESCREEN_SUPPORT" value="true" />
  </component>
</application>