<application>
  <component name="WindowManager">
    <frame x="-11" y="-11" width="2582" height="1550" extendedState="6" />
  </component>
  <component name="WindowStateApplicationService">
    <state x="346" y="131" key="#com.intellij.openapi.updateSettings.impl.PluginUpdateInfoDialog" timestamp="1737222401007">
      <screen x="0" y="0" width="1707" height="1019" />
    </state>
    <state x="346" y="131" key="#com.intellij.openapi.updateSettings.impl.PluginUpdateInfoDialog/0.0.1707.1019" timestamp="1737222401007" />
    <state x="853" y="512" width="1721" height="1033" key="WELCOME_SCREEN" timestamp="1737396994484">
      <screen x="0" y="0" width="1707" height="1019" />
    </state>
    <state x="853" y="512" width="1721" height="1033" key="WELCOME_SCREEN/0.0.1707.1019" timestamp="1737396994484" />
  </component>
</application>