<application>
  <component name="DimensionService">
    <size key="GridCell.Tab.0.left.0.0.2561.1601@180dpi" width="1800" height="444" />
    <size key="GridCell.Tab.0.center.0.0.2561.1601@180dpi" width="1800" height="444" />
    <size key="GridCell.Tab.0.right.0.0.2561.1601@180dpi" width="1800" height="444" />
    <size key="GridCell.Tab.0.bottom.0.0.2561.1601@180dpi" width="1800" height="444" />
  </component>
  <component name="WindowManager">
    <frame x="-11" y="-11" width="2582" height="1550" extendedState="6" />
  </component>
  <component name="WindowStateApplicationService">
    <state x="346" y="131" key="#com.intellij.openapi.updateSettings.impl.PluginUpdateInfoDialog" timestamp="1737222401007">
      <screen x="0" y="0" width="1707" height="1019" />
    </state>
    <state x="346" y="131" key="#com.intellij.openapi.updateSettings.impl.PluginUpdateInfoDialog/0.0.1707.1019" timestamp="1737222401007" />
    <state x="581" y="202" key="FileChooserDialogImpl" timestamp="1737397321362">
      <screen x="0" y="0" width="1707" height="1019" />
    </state>
    <state x="581" y="202" key="FileChooserDialogImpl/0.0.1707.1019" timestamp="1737397321362" />
    <state width="661" height="117" key="ShowUsagesActions.dimensionServiceKey" timestamp="1737905775388">
      <screen x="0" y="0" width="1707" height="1019" />
    </state>
    <state width="661" height="117" key="ShowUsagesActions.dimensionServiceKey/0.0.1707.1019" timestamp="1737905775388" />
    <state x="853" y="512" width="1721" height="1033" key="WELCOME_SCREEN" timestamp="1745031984572">
      <screen x="0" y="0" width="1707" height="1019" />
    </state>
    <state x="853" y="512" width="1721" height="1033" key="WELCOME_SCREEN/0.0.1707.1019" timestamp="1745031984572" />
  </component>
</application>