{
  "IsEnabled": false,
  "CalculateFolderSizes": false,
  "ShowFavoritesSection": true,
  "ShowLibrarySection": false,
  "ShowDrivesSection": true,
  "ShowCloudDrivesSection": true,
  "ShowNetworkDrivesSection": true,
  "ShowWslSection": true,
  "ShowFileTagsSection": true,
  "RestoreTabsOnStartup": false,
  "ContinueLastSessionOnStartUp": true,
  "OpenSpecificPageOnStartup": false,
  "DefaultLayoutMode": 4,
  "DefaultGridViewSize": 160,
  "DefaultSortOption": 0,
  "DefaultGroupOption": 0,
  "DefaultDirectorySortDirection": 0,
  "DefaultDirectoryGroupDirection": 0,
  "DefaultSortDirectoriesAlongsideFiles": false,
  "ShowDateCreatedColumn": false,
  "ShowDateColumn": true,
  "ShowTypeColumn": true,
  "ShowSizeColumn": true,
  "ShowFileTagColumn": true,
  "ShowDateDeletedColumn": true,
  "ShowOriginalPathColumn": true,
  "ShowSyncStatusColumn": true,
  "NameColumnWidth": 240,
  "DateModifiedColumnWidth": 200,
  "DateCreatedColumnWidth": 200,
  "TypeColumnWidth": 140,
  "SizeColumnWidth": 140,
  "TagColumnWidth": 140,
  "DateDeletedColumnWidth": 200,
  "OriginalPathColumnWidth": 200,
  "SyncStatusColumnWidth": 50,
  "AlwaysOpenDualPaneInNewTab": false,
  "UseCompactStyles": false,
  "AppThemeBackgroundColor": "#3269797E",
  "AppThemeAddressBarBackgroundColor": "",
  "AppThemeSidebarBackgroundColor": "",
  "AppThemeFileAreaBackgroundColor": "",
  "AppThemeFontFamily": "Segoe UI Variable",
  "IsSidebarOpen": true,
  "SidebarWidth": 255,
  "ShowHiddenItems": false,
  "ShowFileExtensions": true,
  "SyncFolderPreferencesAcrossDirectories": false,
  "ShowQuickAccessWidget": true,
  "ShowDrivesWidget": true,
  "ShowBundlesWidget": false,
  "ShowFileTagsWidget": true,
  "ShowRecentFilesWidget": true,
  "FoldersWidgetExpanded": true,
  "DrivesWidgetExpanded": true,
  "RecentFilesWidgetExpanded": true,
  "DateTimeFormat": 0,
  "TabsOnStartupList": null,
  "MoveShellExtensionsToSubMenu": true,
  "ShowEditTagsMenu": true,
  "ShowOpenInNewPane": true,
  "ShowOpenInNewWindow": true,
  "ShowOpenInNewTab": true,
  "OpenNewTabOnStartup": false,
  "AlwaysOpenNewInstance": false,
  "SearchUnindexedItems": false,
  "BundlesWidgetExpanded": true,
  "FileTagsWidgetExpanded": true,
  "DeleteConfirmationPolicy": 0,
  "DoubleClickToGoUp": true,
  "SelectFilesOnHover": false,
  "OpenFoldersInNewTab": false,
  "ColumnLayoutOpenFoldersWithOneClick": true,
  "OpenItemsWithOneClick": false,
  "ShowSelectionCheckboxes": true,
  "ShowThumbnails": true,
  "AreAlternateStreamsVisible": false,
  "ShowProtectedSystemFiles": false,
  "ShowDotFiles": true
}