<application>
  <component name="CodeInsightSettings">
    <option name="ADD_UNAMBIGIOUS_IMPORTS_ON_THE_FLY" value="true" />
  </component>
  <component name="DefaultFont">
    <option name="VERSION" value="1" />
    <option name="FONT_SIZE" value="14" />
    <option name="FONT_SIZE_2D" value="14.0" />
    <option name="FONT_FAMILY" value="Cascadia Code" />
    <option name="FONT_REGULAR_SUB_FAMILY" value="Roman" />
    <option name="FONT_BOLD_SUB_FAMILY" value="Roman" />
    <option name="USE_LIGATURES" value="true" />
  </component>
  <component name="EditorSettings">
    <option name="languageBreadcrumbsMap">
      <map>
        <entry key="CPP" value="true" />
        <entry key="Css" value="true" />
        <entry key="ExtendTypeScript" value="true" />
        <entry key="Groovy" value="true" />
        <entry key="HTML" value="true" />
        <entry key="Hml" value="true" />
        <entry key="JAVA" value="true" />
        <entry key="JSON" value="true" />
        <entry key="JavaScript" value="true" />
        <entry key="Markdown" value="true" />
        <entry key="TypeScript" value="true" />
        <entry key="XHTML" value="true" />
        <entry key="XML" value="true" />
        <entry key="yaml" value="true" />
      </map>
    </option>
  </component>
</application>