<application>
  <component name="ProjectManager">
    <defaultProject>
      <component name="AutoImportSettings">
        <option name="autoReloadType" value="SELECTIVE" />
      </component>
      <component name="CodeInsightWorkspaceSettings">
        <option name="optimizeImportsOnTheFly" value="true" />
      </component>
      <component name="Encoding" defaultCharsetForPropertiesFiles="UTF-8">
        <file url="PROJECT" charset="UTF-8" />
      </component>
      <component name="MarkdownSettingsMigration">
        <option name="stateVersion" value="1" />
      </component>
      <component name="ProjectDictionaryState">
        <dictionary name="Administrator" />
        <dictionary name="yequanrui" />
      </component>
      <component name="ProjectInspectionProfilesVisibleTreeState">
        <entry key="Project Default">
          <profile-state>
            <expanded-state>
              <State />
            </expanded-state>
            <selected-state>
              <State>
                <id>AGC BUILD TYPE</id>
              </State>
            </selected-state>
          </profile-state>
        </entry>
      </component>
      <component name="PropertiesComponent"><![CDATA[{
  "keyToString": {
    "settings.editor.selected.configurable": "com.huawei.deveco.sdkmanager.ohos.idea.ui.OhSdkConfigProvider"
  }
}]]></component>
      <component name="SvnConfiguration">
        <configuration>C:\Users\yequanrui\AppData\Roaming\Subversion</configuration>
      </component>
      <component name="VcsManagerConfiguration">
        <option name="OPTIMIZE_IMPORTS_BEFORE_PROJECT_COMMIT" value="true" />
        <option name="REFORMAT_BEFORE_PROJECT_COMMIT" value="true" />
        <option name="REARRANGE_BEFORE_PROJECT_COMMIT" value="true" />
      </component>
      <component name="WindowStateProjectService">
        <state x="664" y="136" key="#HTTP_代理" timestamp="1723050049890">
          <screen x="0" y="0" width="1707" height="1019" />
        </state>
        <state x="664" y="136" key="#HTTP_代理/0.0.1707.1019" timestamp="1723050049890" />
        <state x="597" y="243" key="#com.intellij.tools.ToolEditorDialog" timestamp="1722782278817">
          <screen x="0" y="0" width="1707" height="1019" />
        </state>
        <state x="597" y="243" key="#com.intellij.tools.ToolEditorDialog/0.0.1707.1019" timestamp="1722782278817" />
        <state x="723" y="336" key="#自定义插件存储库" timestamp="1723050052886">
          <screen x="0" y="0" width="1707" height="1019" />
        </state>
        <state x="723" y="336" key="#自定义插件存储库/0.0.1707.1019" timestamp="1723050052886" />
        <state x="599" y="155" key="FileChooserDialogImpl" timestamp="1723474368113">
          <screen x="0" y="0" width="1707" height="1019" />
        </state>
        <state x="599" y="155" key="FileChooserDialogImpl/0.0.1707.1019" timestamp="1723474368113" />
        <state x="238" y="28" key="SettingsEditor" timestamp="1726553557484">
          <screen x="0" y="0" width="1707" height="1019" />
        </state>
        <state x="238" y="28" key="SettingsEditor/0.0.1707.1019" timestamp="1726553557484" />
      </component>
      <component name="masterDetails">
        <states>
          <state key="Copyright.UI">
            <settings>
              <splitter-proportions>
                <option name="proportions">
                  <list>
                    <option value="0.2" />
                  </list>
                </option>
              </splitter-proportions>
            </settings>
          </state>
          <state key="ScopeChooserConfigurable.UI">
            <settings>
              <splitter-proportions>
                <option name="proportions">
                  <list>
                    <option value="0.2" />
                  </list>
                </option>
              </splitter-proportions>
            </settings>
          </state>
        </states>
      </component>
    </defaultProject>
  </component>
</application>