<application>
  <component name="ProjectManager">
    <defaultProject>
      <component name="AutoImportSettings">
        <option name="autoReloadType" value="SELECTIVE" />
      </component>
      <component name="CodeInsightWorkspaceSettings">
        <option name="optimizeImportsOnTheFly" value="true" />
      </component>
      <component name="Encoding" defaultCharsetForPropertiesFiles="UTF-8">
        <file url="PROJECT" charset="UTF-8" />
      </component>
      <component name="MarkdownSettingsMigration">
        <option name="stateVersion" value="1" />
      </component>
      <component name="ProjectDictionaryState">
        <dictionary name="Administrator" />
        <dictionary name="yequanrui" />
      </component>
      <component name="ProjectInspectionProfilesVisibleTreeState">
        <entry key="Project Default">
          <profile-state>
            <expanded-state>
              <State />
            </expanded-state>
            <selected-state>
              <State>
                <id>AGC BUILD TYPE</id>
              </State>
            </selected-state>
          </profile-state>
        </entry>
      </component>
      <component name="PropertiesComponent"><![CDATA[{
  "keyToString": {
    "settings.editor.selected.configurable": "project.propDebugger"
  }
}]]></component>
      <component name="SvnConfiguration">
        <configuration>C:\Users\yequanrui\AppData\Roaming\Subversion</configuration>
      </component>
      <component name="WindowStateProjectService">
        <state x="560" y="121" width="892" height="685" key="#运行/调试配置模板" timestamp="1711220322087">
          <screen x="0" y="0" width="1920" height="1032" />
        </state>
        <state x="560" y="121" width="892" height="685" key="#运行/调试配置模板/0.0.1920.1032" timestamp="1711220322087" />
        <state x="718" y="213" key="EnvironmentVariablesDialog" timestamp="1711223450578">
          <screen x="0" y="0" width="1920" height="1032" />
        </state>
        <state x="718" y="213" key="EnvironmentVariablesDialog/0.0.1920.1032" timestamp="1711223450578" />
        <state x="728" y="204" width="416" height="517" key="FileChooserDialogImpl" timestamp="1712391300073">
          <screen x="0" y="0" width="1707" height="1019" />
        </state>
        <state x="728" y="204" width="416" height="517" key="FileChooserDialogImpl/0.0.1707.1019" timestamp="1712391300073" />
        <state x="819" y="207" width="440" height="523" key="FileChooserDialogImpl/0.0.1920.1032" timestamp="1711225151381" />
        <state x="223" y="78" key="SettingsEditor" timestamp="1712391491784">
          <screen x="0" y="0" width="1707" height="1019" />
        </state>
        <state x="223" y="78" key="SettingsEditor/0.0.1707.1019" timestamp="1712391491784" />
        <state x="599" y="145" key="SettingsEditor/0.0.1920.1032" timestamp="1711225222255" />
      </component>
      <component name="masterDetails">
        <states>
          <state key="Copyright.UI">
            <settings>
              <splitter-proportions>
                <option name="proportions">
                  <list>
                    <option value="0.2" />
                  </list>
                </option>
              </splitter-proportions>
            </settings>
          </state>
          <state key="ScopeChooserConfigurable.UI">
            <settings>
              <splitter-proportions>
                <option name="proportions">
                  <list>
                    <option value="0.2" />
                  </list>
                </option>
              </splitter-proportions>
            </settings>
          </state>
        </states>
      </component>
    </defaultProject>
  </component>
</application>