<application>
  <component name="UISettings">
    <option name="compactTreeIndents" value="true" />
    <option name="DND_WITH_PRESSED_ALT_ONLY" value="true" />
    <option name="FULL_PATHS_IN_TITLE_BAR" value="true" />
    <option name="MARK_MODIFIED_TABS_WITH_ASTERISK" value="true" />
    <option name="OPEN_IN_PREVIEW_TAB_IF_POSSIBLE" value="true" />
    <option name="OVERRIDE_NONIDEA_LAF_FONTS" value="true" />
    <option name="showTreeIndentGuides" value="true" />
  </component>
</application>