<application>
  <component name="AdvancedSettings">
    <option name="settings">
      <map>
        <entry key="database.show.search.tab" value="true" />
        <entry key="documentation.components.enable.highlighting.of.links" value="true" />
        <entry key="git.search.everywhere.tab.enabled" value="true" />
        <entry key="git.use.schannel.on.windows" value="true" />
        <entry key="github.actions.support.enabled" value="true" />
        <entry key="ide.always.show.tool.window.header.icons" value="true" />
        <entry key="kotlin.mpp.experimental" value="true" />
      </map>
    </option>
  </component>
</application>