<application>
  <component name="ProjectManager">
    <defaultProject>
      <component name="PropertiesComponent"><![CDATA[{
  "keyToString": {
    "settings.editor.selected.configurable": "reference.settings.ide.settings.new.ui"
  }
}]]></component>
      <component name="WindowStateProjectService">
        <state x="231" y="13" key="SettingsEditor" timestamp="1712305581202">
          <screen x="0" y="0" width="1707" height="1019" />
        </state>
        <state x="231" y="13" key="SettingsEditor/0.0.1707.1019" timestamp="1712305581202" />
      </component>
    </defaultProject>
  </component>
</application>