<application>
  <component name="DimensionService">
    <size key="GridCell.Tab.0.left.0.0.2561.1601@180dpi" width="2438" height="444" />
    <size key="GridCell.Tab.0.center.0.0.2561.1601@180dpi" width="2438" height="444" />
    <size key="GridCell.Tab.0.right.0.0.2561.1601@180dpi" width="2438" height="444" />
    <size key="GridCell.Tab.0.bottom.0.0.2561.1601@180dpi" width="2438" height="444" />
    <size key="GridCell.Tab.1.left.0.0.2561.1601@180dpi" width="2438" height="444" />
    <size key="GridCell.Tab.1.center.0.0.2561.1601@180dpi" width="2438" height="444" />
    <size key="GridCell.Tab.1.right.0.0.2561.1601@180dpi" width="2438" height="444" />
    <size key="GridCell.Tab.1.bottom.0.0.2561.1601@180dpi" width="2438" height="444" />
  </component>
  <component name="WindowManager">
    <frame x="-11" y="-11" width="2582" height="1550" extendedState="6" />
  </component>
  <component name="WindowStateApplicationService">
    <state x="585" y="223" key="FileChooserDialogImpl" timestamp="1712397614981">
      <screen x="0" y="0" width="1707" height="1019" />
    </state>
    <state x="585" y="223" key="FileChooserDialogImpl/0.0.1707.1019" timestamp="1712397614981" />
    <state x="853" y="474" width="1000" height="813" key="WELCOME_SCREEN" timestamp="1712397377786">
      <screen x="0" y="0" width="1707" height="1019" />
    </state>
    <state x="853" y="474" width="1000" height="813" key="WELCOME_SCREEN/0.0.1707.1019" timestamp="1712397377786" />
    <state x="385" y="51" width="1025" height="845" key="new project wizard" timestamp="1712397698840">
      <screen x="0" y="0" width="1707" height="1019" />
    </state>
    <state x="385" y="51" width="1025" height="845" key="new project wizard/0.0.1707.1019" timestamp="1712397698840" />
  </component>
</application>