<code_scheme name="Default" version="173">
  <option name="SOFT_MARGINS" value="120" />
  <Markdown>
    <option name="WRAP_TEXT_IF_LONG" value="false" />
    <option name="WRAP_TEXT_INSIDE_BLOCKQUOTES" value="false" />
  </Markdown>
  <RsCodeStyleSettings>
    <option name="SPACE_AROUND_ASSOC_TYPE_BINDING" value="true" />
  </RsCodeStyleSettings>
  <codeStyleSettings language="Markdown">
    <option name="RIGHT_MARGIN" value="140" />
  </codeStyleSettings>
  <codeStyleSettings language="Rust">
    <indentOptions>
      <option name="SMART_TABS" value="true" />
    </indentOptions>
  </codeStyleSettings>
</code_scheme>